Name,SpeakerName,SpeakerColor,DialogueText,VoiceAudio,DisplayDuration,TypingSpeed
Radio_Gate_Arrival,"지휘관 이준혁","(R=0.2,G=0.8,B=1.0,A=1.0)","작전원 궤도 엘리베이터 C구역 진입을 확인했다. 전방에 차원 균열에서 방출된 에너지 장벽이 감지된다. 주의하라.",,5.0,0.03
Radio_Gate_Encounter,"연구원 윤하나","(R=0.9,G=0.6,B=1.0,A=1.0)","균열 주변 이형체 반응이 급격히 증가하고 있어요! 에너지 장벽을 유지하는 핵심 개체들을 먼저 제거해 주세요!",,4.0,0.03
Radio_Gate_Clear,"지휘관 이준혁","(R=0.2,G=0.8,B=1.0,A=1.0)","잘했다 작전원. 에너지 장벽이 소멸했다. 균열 안정화까지 시간이 얼마 없으니 다음 구역으로 신속히 이동하라.",,4.5,0.03
Radio_System_Alert,"방벽 AI 세라","(R=1.0,G=0.85,B=0.0,A=1.0)","경고: 궤도 엘리베이터 구조 무결성 87%. 추가 균열 확장 시 긴급 격리 프로토콜이 자동 발동됩니다.",,4.0,0.03
Radio_MidBrief,"연구원 윤하나","(R=0.9,G=0.6,B=1.0,A=1.0)","스캔 결과가 나왔어요. 이 이형체들은 차원 균열의 에너지를 먹고 자가 증식합니다. 균열 자체를 봉쇄하지 않으면 끝이 없어요.",,5.0,0.03
Radio_Boss_Approach,"지휘관 이준혁","(R=0.2,G=0.8,B=1.0,A=1.0)","작전원 대형 반응 감지. 균열 핵심부에 상위 개체가 버티고 있는 것 같다. 각오해라 이번 건 만만치 않다.",,4.5,0.03
Radio_Boss_Clear,"연구원 윤하나","(R=0.9,G=0.6,B=1.0,A=1.0)","상위 개체 소멸 확인! 균열 에너지가 급격히 감소하고 있어요. 봉쇄 성공입니다!",,4.0,0.03
Radio_Dungeon_Complete,"지휘관 이준혁","(R=0.2,G=0.8,B=1.0,A=1.0)","수고했다 작전원. 궤도 엘리베이터 C구역 균열 봉쇄 완료. 복귀하라 다음 작전 브리핑이 대기 중이다.",,5.0,0.03
Radio_Base_Welcome,"방벽 AI 세라","(R=1.0,G=0.85,B=0.0,A=1.0)","방벽 사령부 전초기지 도착을 환영합니다. 현재 보급 창구가 운영 중이니 장비를 점검해 주세요.",,4.0,0.03
