---,Title,Type,QuestGroupTitle,QuestGroupSubtitle,LocationName,RecommendedLevel,BannerImage,Status,Summary,Description,Objectives,bSequentialObjectives,RadioOnStart,RadioOnComplete,Reward,RewardText,Icon,PrereqQuestId,NextQuestId,QuestGiverNPC,bAutoClaim
# 자동 생성됨 - 직접 수정하지 말고 원본 xlsx를 편집하세요.,,,,,,,,,,,,,,,,,,,,,
Q_Welcome,"NSLOCTEXT(""DT_QuestData [BEF0E53BB3B8EDC9C2DFD2179222692A]"", ""1AF40C234842CCE1DF2FF78A25EE8D39"", ""귀환 보급"")",Main,,,,1,None,InProgress,"NSLOCTEXT(""DT_QuestData [BEF0E53BB3B8EDC9C2DFD2179222692A]"", ""3106BC5D45D86532B87E459FD98C5E11"", ""전초기지에서 귀환 보급을 수령한다."")","NSLOCTEXT(""DT_QuestData [BEF0E53BB3B8EDC9C2DFD2179222692A]"", ""B825127E43C41D6D0A6D0FA9D2906C28"", ""전선 복귀를 앞둔 작전원에게 지급되는 기본 보급. 별도 조건 없이 보급 창구에서 즉시 수령할 수 있다."")",,False,,,"(Credits=500,Items=((RowId=""Cons_Repair_01"",Count=2)))","NSLOCTEXT(""DT_QuestData [BEF0E53BB3B8EDC9C2DFD2179222692A]"", ""04103FCF4CCDF9E1538ADC8E8CDFCF1C"", ""크레딧 500 · 나노 수리킷 ×2"")",None,None,None,None,False
Q_Mobility,"NSLOCTEXT(""DT_QuestData [BEF0E53BB3B8EDC9C2DFD2179222692A]"", ""5E51555144423AC68FCAB48EE8F35CCA"", ""기동 규격 확보"")",Side,,,,1,None,InProgress,"NSLOCTEXT(""DT_QuestData [BEF0E53BB3B8EDC9C2DFD2179222692A]"", ""E5153E4947ABABB8BCCAE9A32E1575EC"", ""질풍 모듈을 확보해 기동 규격을 맞춘다."")","NSLOCTEXT(""DT_QuestData [BEF0E53BB3B8EDC9C2DFD2179222692A]"", ""5A2BCC8540544085E5D5DCBB63B8D9FE"", ""차기 작전은 고속 강습 위주로 편성된다. 상점에서 질풍 모듈을 조달해 외골격 기동 규격을 충족시켜라."")","((Type=AcquireItem,TargetId=""Mod_Swift_01"",TargetTag=(TagName=""""),AcceptRadius=3.000000,RequiredCount=1,Label=NSLOCTEXT(""DT_QuestData [BEF0E53BB3B8EDC9C2DFD2179222692A]"", ""9E73F58742248D17340256AE511A3224"", ""질풍 모듈 확보""),RadioOnStart=,RadioOnComplete=))",False,,,"(Credits=1200,Items=)","NSLOCTEXT(""DT_QuestData [BEF0E53BB3B8EDC9C2DFD2179222692A]"", ""7A8920044FE16AD5027066B2E9C62412"", ""크레딧 1,200"")",None,None,None,None,False
Q_Endurance,"NSLOCTEXT(""DT_QuestData [BEF0E53BB3B8EDC9C2DFD2179222692A]"", ""E161F70449232A6E0C0AC5B51285BFC5"", ""지구력 보강"")",Side,,,,1,None,InProgress,"NSLOCTEXT(""DT_QuestData [BEF0E53BB3B8EDC9C2DFD2179222692A]"", ""FADA6B8D47DF2DD8F282878264AEA59C"", ""지구력 코어를 조달해 장기 작전에 대비한다."")","NSLOCTEXT(""DT_QuestData [BEF0E53BB3B8EDC9C2DFD2179222692A]"", ""74298B1A42635920ADB2B99E21F5BE26"", ""장기 침투 작전에는 안정적인 에너지 순환이 필수다. 지구력 코어를 확보해 스태미나 규격을 보강하라."")","((Type=AcquireItem,TargetId=""Mod_Endure_01"",TargetTag=(TagName=""""),AcceptRadius=3.000000,RequiredCount=1,Label=NSLOCTEXT(""DT_QuestData [BEF0E53BB3B8EDC9C2DFD2179222692A]"", ""B52E3B5C48A9C43F16325C8283B23A23"", ""지구력 코어 확보""),RadioOnStart=,RadioOnComplete=))",False,,,"(Credits=600,Items=((RowId=""Cons_Repair_01"",Count=3)))","NSLOCTEXT(""DT_QuestData [BEF0E53BB3B8EDC9C2DFD2179222692A]"", ""B77D100D42B0EF9B5B9CCCA1937BB68D"", ""크레딧 600 · 나노 수리킷 ×3"")",None,None,None,None,False
Q_Arsenal,"NSLOCTEXT(""DT_QuestData [BEF0E53BB3B8EDC9C2DFD2179222692A]"", ""7F78C09B47F41C2E0A481F8FCC010474"", ""무장 확충"")",Main,,,,1,None,InProgress,"NSLOCTEXT(""DT_QuestData [BEF0E53BB3B8EDC9C2DFD2179222692A]"", ""9172EA1F4A846513FAF6C4A073784358"", ""공격형 모듈 2종을 확보해 무장을 확충한다."")","NSLOCTEXT(""DT_QuestData [BEF0E53BB3B8EDC9C2DFD2179222692A]"", ""6C3B59154211DA1D90C80DB5AF7374A9"", ""고강도 교전 구역 투입을 앞두고 화력 규격이 상향됐다. 광폭 회로와 질풍 모듈을 모두 조달해 공격 편성을 완성하라."")","((Type=AcquireItem,TargetId=""Mod_Berserk_01"",TargetTag=(TagName=""""),AcceptRadius=3.000000,RequiredCount=1,Label=NSLOCTEXT(""DT_QuestData [BEF0E53BB3B8EDC9C2DFD2179222692A]"", ""1D42A09F4D19B81AB3BD4C90595F22E9"", ""광폭 회로 확보""),RadioOnStart=,RadioOnComplete=),(Type=AcquireItem,TargetId=""Mod_Swift_01"",TargetTag=(TagName=""""),AcceptRadius=3.000000,RequiredCount=1,Label=NSLOCTEXT(""DT_QuestData [BEF0E53BB3B8EDC9C2DFD2179222692A]"", ""B3A538AA48CF58A0EF9CBA9AF0228CC1"", ""질풍 모듈 확보""),RadioOnStart=,RadioOnComplete=))",False,,,"(Credits=2500,Items=)","NSLOCTEXT(""DT_QuestData [BEF0E53BB3B8EDC9C2DFD2179222692A]"", ""913E59E04B7D49202E6A7CB74D16137F"", ""크레딧 2,500"")",None,None,None,None,False
Q_Fortress,"NSLOCTEXT(""DT_QuestData [BEF0E53BB3B8EDC9C2DFD2179222692A]"", ""7B4677724190C964B887078FAD131822"", ""철벽 확보"")",Side,,,,1,None,InProgress,"NSLOCTEXT(""DT_QuestData [BEF0E53BB3B8EDC9C2DFD2179222692A]"", ""83C30EF846A3D0F8CE1CFFB3361FACF1"", ""전설급 방어 시스템을 조달한다."")","NSLOCTEXT(""DT_QuestData [BEF0E53BB3B8EDC9C2DFD2179222692A]"", ""28503E9347FC8D9541457EA832CABDD6"", ""방어 거점 사수 임무에 대비해 최고 등급 방어 규격이 요구된다. 철벽 프로토콜을 확보하라."")","((Type=AcquireItem,TargetId=""Mod_Bastion_01"",TargetTag=(TagName=""""),AcceptRadius=3.000000,RequiredCount=1,Label=NSLOCTEXT(""DT_QuestData [BEF0E53BB3B8EDC9C2DFD2179222692A]"", ""F13D1F5642B426235E964AB6E6A21F85"", ""철벽 프로토콜 확보""),RadioOnStart=,RadioOnComplete=))",False,,,"(Credits=1500,Items=)","NSLOCTEXT(""DT_QuestData [BEF0E53BB3B8EDC9C2DFD2179222692A]"", ""27103C9A40256DD2ABBF589E62CDEC52"", ""크레딧 1,500"")",None,None,None,None,False
Q_Apex,"NSLOCTEXT(""DT_QuestData [BEF0E53BB3B8EDC9C2DFD2179222692A]"", ""FA1DE230405886983CC60DB733356CFA"", ""최종 병기 조달"")",Main,,,,1,None,InProgress,"NSLOCTEXT(""DT_QuestData [BEF0E53BB3B8EDC9C2DFD2179222692A]"", ""1482F73145D4143F4E341797EA13969B"", ""관통자 레일건을 조달해 주무장을 교체한다."")","NSLOCTEXT(""DT_QuestData [BEF0E53BB3B8EDC9C2DFD2179222692A]"", ""59C64F9241903B1631D3C780A2F77B3D"", ""차기 작전의 핵심 표적은 중장갑 유닛이다. 장갑을 무시하는 관통자 레일건을 조달해 주무장 규격을 최상위로 끌어올려라."")","((Type=AcquireItem,TargetId=""Wpn_Rail_01"",TargetTag=(TagName=""""),AcceptRadius=3.000000,RequiredCount=1,Label=NSLOCTEXT(""DT_QuestData [BEF0E53BB3B8EDC9C2DFD2179222692A]"", ""6D82E3604F48F865FB4A368757AC53CA"", ""관통자 레일건 확보""),RadioOnStart=,RadioOnComplete=))",False,,,"(Credits=3000,Items=((RowId=""Mod_Amp_01"",Count=1)))","NSLOCTEXT(""DT_QuestData [BEF0E53BB3B8EDC9C2DFD2179222692A]"", ""6929E2034F0800AA9A7D89ADAF98A88F"", ""크레딧 3,000 · 고출력 증폭기 ×1"")",None,None,None,None,False
Q_FirstSync,"NSLOCTEXT(""DT_QuestData [BEF0E53BB3B8EDC9C2DFD2179222692A]"", ""F1CB544946A3C867D3896C98348DB9B2"", ""각성 프로토콜"")",Main,,,,1,None,Claimed,"NSLOCTEXT(""DT_QuestData [BEF0E53BB3B8EDC9C2DFD2179222692A]"", ""88E574784FA2F107D5FEEE8BC63288EC"", ""외골격 동기화를 완료했다."")","NSLOCTEXT(""DT_QuestData [BEF0E53BB3B8EDC9C2DFD2179222692A]"", ""4D55B7054F6413BC92F325B492C1817F"", ""전선 복귀 전 외골격 재동기화 절차. 이미 완료해 보상을 수령한 과거 임무 기록이다."")",,False,,,"(Credits=500,Items=)","NSLOCTEXT(""DT_QuestData [BEF0E53BB3B8EDC9C2DFD2179222692A]"", ""E5767E2D4CF4BED2027F3592549F3359"", ""크레딧 500"")",None,None,None,None,False
Q_Contamination,"NSLOCTEXT(""DT_QuestData [BEF0E53BB3B8EDC9C2DFD2179222692A]"", ""332789474C3048B1D80EC185C1B10873"", ""오염원 제거"")",Main,,,,1,None,NotStarted,"NSLOCTEXT(""DT_QuestData [BEF0E53BB3B8EDC9C2DFD2179222692A]"", ""C68A6CFD432C3F90D6E87491D8DB2498"", ""구역의 오염 발생원을 무력화한다. (전투 슬라이스 연동 예정)"")","NSLOCTEXT(""DT_QuestData [BEF0E53BB3B8EDC9C2DFD2179222692A]"", ""3F8652614DC9A9D4581A5AAEDBDB5EAC"", ""감염 구역의 핵심 오염 발생원을 추적해 제거하는 전투 임무. 인게임 전투 슬라이스가 붙으면 킬 목표로 활성화된다."")",,False,,,"(Credits=4000,Items=((RowId=""Mod_Berserk_01"",Count=1)))","NSLOCTEXT(""DT_QuestData [BEF0E53BB3B8EDC9C2DFD2179222692A]"", ""AB91299B46B013C7EC41FDA03076DEE6"", ""크레딧 4,000 · 광폭 회로 ×1"")",None,None,None,None,False
Quest_Reach,"NSLOCTEXT(""DT_QuestData [BEF0E53BB3B8EDC9C2DFD2179222692A]"", ""660429B5443654EC715DDA82B226C207"", ""보급창고로 이동"")",Main,,,,1,None,InProgress,"NSLOCTEXT(""DT_QuestData [BEF0E53BB3B8EDC9C2DFD2179222692A]"", ""0E27DA73459CA96379DDA4ACE6E083DF"", ""표시된 보급창고 지점으로 이동하라."")","NSLOCTEXT(""DT_QuestData [BEF0E53BB3B8EDC9C2DFD2179222692A]"", ""D05CA06D4CC2ADFA42E6FD96022A3BA7"", ""화면 마커가 가리키는 지점까지 이동하면 완료된다. 거리(m)가 실시간 표시된다. 완료 시 자동 보상 후 다음 임무로 이어진다."")","((Type=ReachLocation,TargetId="""",TargetTag=(TagName=""Location.Quest.Depot""),AcceptRadius=3.000000,RequiredCount=1,Label=NSLOCTEXT(""DT_QuestData [BEF0E53BB3B8EDC9C2DFD2179222692A]"", ""6C0ABEFB4D465B20A4766D9F40D6D991"", ""보급창고 도달""),RadioOnStart=,RadioOnComplete=))",False,"(""Radio_Base_Welcome"")",,"(Credits=100,Items=)","NSLOCTEXT(""DT_QuestData [BEF0E53BB3B8EDC9C2DFD2179222692A]"", ""E89608DA4213AD314BEE5AB73DDD7054"", ""크레딧 100"")",None,None,Quest_Hunt,None,True
Quest_Hunt,"NSLOCTEXT(""DT_QuestData [BEF0E53BB3B8EDC9C2DFD2179222692A]"", ""78B651D04921A3E4AC887D97A316894E"", ""그런트 소탕"")",Main,,,,1,None,NotStarted,"NSLOCTEXT(""DT_QuestData [BEF0E53BB3B8EDC9C2DFD2179222692A]"", ""2ED26D864FF504854E34378135A51F97"", ""그런트 3기를 처치하라."")","NSLOCTEXT(""DT_QuestData [BEF0E53BB3B8EDC9C2DFD2179222692A]"", ""CD9088EE4CA8BFFB0459389E5917FB35"", ""선행 임무(보급창고 이동) 완료 후 자동으로 시작된다. 그런트 3기 처치 시 완료."")","((Type=KillTarget,TargetId="""",TargetTag=(TagName=""Enemy.Type.Grunt""),AcceptRadius=3.000000,RequiredCount=3,Label=NSLOCTEXT(""DT_QuestData [BEF0E53BB3B8EDC9C2DFD2179222692A]"", ""B94BDE7C4FC904B37A0A1790F7647D08"", ""그런트 처치""),RadioOnStart=,RadioOnComplete=))",False,,,"(Credits=200,Items=)","NSLOCTEXT(""DT_QuestData [BEF0E53BB3B8EDC9C2DFD2179222692A]"", ""80611DD14DD189147D77528FD17344D5"", ""크레딧 200"")",None,Quest_Reach,Quest_Talk,None,True
Quest_Talk,"NSLOCTEXT(""DT_QuestData [BEF0E53BB3B8EDC9C2DFD2179222692A]"", ""741F1F944F4DBB5A483218A9AFCF8413"", ""장교에게 보고"")",Side,,,,1,None,NotStarted,"NSLOCTEXT(""DT_QuestData [BEF0E53BB3B8EDC9C2DFD2179222692A]"", ""E3622F204DA5A7251A325A983608EEE0"", ""장교 NPC에게 말을 걸어 작전 결과를 보고하라."")","NSLOCTEXT(""DT_QuestData [BEF0E53BB3B8EDC9C2DFD2179222692A]"", ""58928D5F4A01E5CF54B68E8B121F32E2"", ""선행 임무 완료 후 장교(NPC_Officer)에게 말을 걸면 수락과 동시에 완료되고 보상이 지급된다."")","((Type=TalkToNPC,TargetId=""NPC_Officer"",TargetTag=(TagName=""""),AcceptRadius=3.000000,RequiredCount=1,Label=NSLOCTEXT(""DT_QuestData [BEF0E53BB3B8EDC9C2DFD2179222692A]"", ""D70AF0A04B605974131F97BC15890603"", ""장교에게 보고""),RadioOnStart=,RadioOnComplete=))",False,,,"(Credits=300,Items=)","NSLOCTEXT(""DT_QuestData [BEF0E53BB3B8EDC9C2DFD2179222692A]"", ""D9E859D84D2EE119B7B4A1BA789AB86D"", ""크레딧 300"")",None,Quest_Hunt,None,NPC_Officer,True
Q_Dungeon_Gate,"NSLOCTEXT(""DT_QuestData [BEF0E53BB3B8EDC9C2DFD2179222692A]"", ""DFB833EE46EBF22CB2AE5FA50A3072FB"", ""궤도 엘리베이터 돌파"")",Main,,,,1,None,InProgress,"NSLOCTEXT(""DT_QuestData [BEF0E53BB3B8EDC9C2DFD2179222692A]"", ""B845BE8546DDC9925D4DBE8FC2CBB13D"", ""각 구역으로 이동해 출현한 적을 소탕하고 균열 핵심부를 봉쇄하라."")","NSLOCTEXT(""DT_QuestData [BEF0E53BB3B8EDC9C2DFD2179222692A]"", ""E3B078D843AA70AF98DF629A2D9FBF66"", ""현재 EncounterTable에 정의된 Zone 3에서 시작해 Zone 2를 거쳐 보스 구역까지 순서대로 진입한다. 각 구역의 처치 목표 수는 실제 웨이브 구성에서 자동 계산된다."")","((Type=ReachLocation,TargetId=""Room.Zone3"",TargetTag=(TagName=""Location.Quest.Dungeon.Zone3""),AcceptRadius=3.000000,RequiredCount=1,Label=NSLOCTEXT("""", ""3F7E6DBF427C6BCE9F20B48645E4BF8A"", ""Zone 3 진입""),RadioOnStart=,RadioOnComplete=(""Radio_Gate_Arrival"",""Radio_Gate_Encounter"")),(Type=ClearEncounter,TargetId=""Room.Zone3"",TargetTag=(TagName=""""),AcceptRadius=3.000000,RequiredCount=1,Label=NSLOCTEXT("""", ""7875DF664F51B5248587BAA9B86FCDE7"", ""Zone 3 적 소탕""),RadioOnStart=,RadioOnComplete=(""Radio_Gate_Clear"")),(Type=ReachLocation,TargetId=""Room.Zone2"",TargetTag=(TagName=""Location.Quest.Dungeon.Zone2""),AcceptRadius=3.000000,RequiredCount=1,Label=NSLOCTEXT("""", ""9FA97B7D453A8C918EA7978E6D17582B"", ""Zone 2 진입""),RadioOnStart=,RadioOnComplete=(""Radio_MidBrief"")),(Type=DefendZone,TargetId="""",TargetTag=(TagName=""Location.Quest.Reactor""),AcceptRadius=3.000000,RequiredCount=1,Label=NSLOCTEXT("""", ""472B4D69438E8064CFF203B8EC19C4BD"", ""반응로 코어 사수""),RadioOnStart=,RadioOnComplete=),(Type=ReachLocation,TargetId=""Room.Boss"",TargetTag=(TagName=""Location.Quest.Dungeon.Boss""),AcceptRadius=3.000000,RequiredCount=1,Label=NSLOCTEXT("""", ""8608F665421815F567D97082DA535EBC"", ""보스 구역 진입""),RadioOnStart=,RadioOnComplete=(""Radio_Boss_Approach"")),(Type=ClearEncounter,TargetId=""Room.Boss"",TargetTag=(TagName=""""),AcceptRadius=3.000000,RequiredCount=1,Label=NSLOCTEXT("""", ""5F2D61EA487F1CE761ED24B1CE391BC7"", ""보스 처치""),RadioOnStart=,RadioOnComplete=))",True,"(""Radio_System_Alert"")","(""Radio_Boss_Clear"",""Radio_Dungeon_Complete"")","(Credits=5000,Items=)","NSLOCTEXT(""DT_QuestData [BEF0E53BB3B8EDC9C2DFD2179222692A]"", ""0C01601B4CF92572A231E196B998BE07"", ""크레딧 5,000"")",None,None,None,None,True
Quest_Defend,"NSLOCTEXT(""DT_QuestData [BEF0E53BB3B8EDC9C2DFD2179222692A]"", ""E1D38FDE4E1F7967E2B4E7AD9F5CE273"", ""리액터 방어"")",Main,,,,1,None,NotStarted,"NSLOCTEXT(""DT_QuestData [BEF0E53BB3B8EDC9C2DFD2179222692A]"", ""3978BC70470E0500658BCBB7D8C2EBC1"", ""리액터를 지켜 방어하라."")","NSLOCTEXT(""DT_QuestData [BEF0E53BB3B8EDC9C2DFD2179222692A]"", ""7E5BC101493FB4C43FDF6F80402018D4"", ""정해진 시간 동안 적의 공격으로부터 리액터가 파괴되지 않도록 사수하라. 대상이 파괴되면 실패한다."")","((Type=DefendZone,TargetId="""",TargetTag=(TagName=""Location.Quest.Reactor""),AcceptRadius=3.000000,RequiredCount=1,Label=NSLOCTEXT(""DT_QuestData [BEF0E53BB3B8EDC9C2DFD2179222692A]"", ""4CC5856D43F7D1A92359F4B3E54DA518"", ""리액터 방어""),RadioOnStart=,RadioOnComplete=))",False,,,"(Credits=300,Items=)","NSLOCTEXT(""DT_QuestData [BEF0E53BB3B8EDC9C2DFD2179222692A]"", ""43405EA240FD9E752E08B3B20A98093D"", ""크레딧 300"")",None,None,None,None,True
Quest_Capture,"NSLOCTEXT(""DT_QuestData [BEF0E53BB3B8EDC9C2DFD2179222692A]"", ""EE4CABB04FE83605E1CEAAA4B3E944A4"", ""전초기지 점령"")",Main,"LOCTABLE(""/Game/Data/Tables/Localize/ST_Localize.ST_Localize"", ""Quest.Main"")",,,1,None,NotStarted,"NSLOCTEXT(""DT_QuestData [BEF0E53BB3B8EDC9C2DFD2179222692A]"", ""336C24F74AAA24F4386038B1813AFDAD"", ""전초기지를 점령하라."")","NSLOCTEXT(""DT_QuestData [BEF0E53BB3B8EDC9C2DFD2179222692A]"", ""1A46DC944A25C24A400DC98F6985EF3F"", ""점령 구역에 진입해 정해진 시간 동안 머무르면 점령이 완료된다. 구역을 벗어나면 진행이 멈춘다."")","((Type=CaptureZone,TargetId="""",TargetTag=(TagName=""Location.Quest.Outpost""),AcceptRadius=3.000000,RequiredCount=1,Label=NSLOCTEXT(""DT_QuestData [BEF0E53BB3B8EDC9C2DFD2179222692A]"", ""2A9CA9ED48C105D9E14D5C9246502957"", ""전초기지 점령""),RadioOnStart=,RadioOnComplete=))",False,,,"(Credits=300,Items=)","NSLOCTEXT(""DT_QuestData [BEF0E53BB3B8EDC9C2DFD2179222692A]"", ""A000E21F47CF2E3D427A389FFAEB0863"", ""크레딧 300"")",None,None,None,None,True
